,Unnamed: 0,message,date,sender_id,message_id,channel,cleaned_message,sentiment,sentiment_category,hashtags,keywords
1,1,"**TODAY FII&DII DATA:- 06-12-2024

FII SELL NET ğŸ‘‰ 1830.31 Cr.ğŸ”»

DII BUY NET ğŸ‘‰ 1659.06 Cr. â˜˜

NET SELLING :-Â  171.25 Cr. ğŸ”´**",2024-12-06 14:27:23+00:00,-1001923600221,19268,https://t.me/Zero_to_hero_sr_stocks_nifty_505,today fiidii data 06122024fii sell net  183031 crdii buy net  165906 cr net selling  17125 cr ,0.0,neutral,[],"['sell', 'buy']"
17,17,"**à¤‡à¤¤à¤¨à¤¾ à¤­à¤¾ à¤•à¥à¤¯à¤¾ à¤¸à¥‹à¤š à¤°à¤¹à¥‡ à¤¹à¥‹ à¤œà¤¿à¤¤à¤¨à¤¾ à¤†à¤ªà¤•à¤¾ 1 à¤¦à¤¿à¤¨ à¤•à¤¾ à¤²à¥‰à¤¸ à¤¹à¥ˆ à¤‰à¤¸à¥‡ à¤¸à¤¸à¥à¤¤à¤¾ à¤®à¥‡à¤°à¤¾ INVEST à¤—à¥à¤°à¥à¤ª à¤•à¤¾ à¤«à¥€à¤¸Â  à¤¹à¥ˆ à¤¤à¥‹ à¤«à¤Ÿà¤¾à¤«à¤Ÿ à¤œà¥à¤µà¤¾à¤‡à¤¨ à¤•à¤° à¤²à¥‹ à¤†à¤ªà¤•à¥€ à¤œà¤°à¥à¤¨à¥€ à¤†à¤œ à¤¸à¥‡ à¤¹à¥€ à¤šà¤¾à¤²à¥‚ à¤¹à¥‹ à¤œà¤¾à¤à¤—à¥€ ğŸ¥³ğŸ¥³ğŸ¥³ğŸ¥³ğŸ¥³ğŸ’¯ğŸ’¯ğŸ’¯

à¤”à¤° à¤†à¤ª à¤†à¤œ à¤œà¥à¤µà¤¾à¤‡à¤¨ à¤•à¤°à¥‹à¤—à¥‡ à¤¤à¥‹ à¤†à¤ªà¤•à¥‹ à¤†à¤œ à¤•à¥‡ à¤†à¤œ à¤¹à¥€ à¤†à¤ªà¤•à¤¾ à¤«à¥€à¤¸ à¤•à¤¾ 3 à¤—à¥à¤¨à¤¾ à¤°à¤¿à¤•à¤µà¤° à¤•à¤°à¤•à¥‡ à¤¦à¥‡à¤‚à¤—à¥‡ à¤¹à¤‚à¤¡à¥à¤°à¥‡à¤¡ à¤ªà¤°à¤¸à¥‡à¤‚à¤Ÿ à¤—à¤¾à¤°à¤‚à¤Ÿà¥€ à¤¦à¥‡à¤¤à¤¾ à¤¹à¥‚à¤‚ ğŸ¥³ğŸ¥³

Join click on ğŸ”— INDEX

INVEST ğŸ‘‡ğŸ‘‡ğŸ‘‡

**https://wa.me/+916378809418/?text=*HELLO-MONEY-INVEST-SIR*
**
**https://wa.me/+916378809418/?text=*HELLO-MONEY-INVEST-SIR***

STOCK OPTIONS ğŸ‘‡ğŸ‘‡ğŸ‘‡

**https://wa.me/+916378809418/?text=*HELLO-MONEY-INVEST-SIR*",2024-12-06 04:57:29+00:00,-1001923600221,19228,https://t.me/Zero_to_hero_sr_stocks_nifty_505,        1        invest                                3          join click on  indexinvest httpswame916378809418texthellomoneyinvestsirhttpswame916378809418texthellomoneyinvestsirstock options httpswame916378809418texthellomoneyinvestsir,0.296,neutral,[],[]
18,18,"**270 To 320++++ 3rd Target Hit ğŸ¯ ğŸ†ğŸ“ˆ

Book Your 100% Profit ğŸ˜ğŸ˜ğŸ™â¤ï¸


BOOK PROFIT Trail stop loss in profitğŸ’â¤ï¸**",2024-12-06 04:52:20+00:00,-1001923600221,19223,https://t.me/Zero_to_hero_sr_stocks_nifty_505,270 to 320 3rd target hit  book your 100 profit book profit trail stop loss in profit,0.6369,positive,[],['target']
19,19,**270â‚¹ To 320â‚¹ ğŸ†ğŸ“ˆâ¤ï¸**,2024-12-06 04:52:04+00:00,-1001923600221,19222,https://t.me/Zero_to_hero_sr_stocks_nifty_505,270 to 320 ,0.0,neutral,[],[]
30,30,"**270 To 310++++ 2nd Target Hit ğŸ¯ ğŸ†ğŸ“ˆ

Book Your 70% Profit ğŸ˜ğŸ˜ğŸ™â¤ï¸


BOOK PROFIT Trail stop loss in profitğŸ’â¤ï¸**",2024-12-06 04:48:17+00:00,-1001923600221,19210,https://t.me/Zero_to_hero_sr_stocks_nifty_505,270 to 310 2nd target hit  book your 70 profit book profit trail stop loss in profit,0.6369,positive,[],['target']
31,31,**270â‚¹ To 310â‚¹ ğŸ†ğŸ“ˆâ¤ï¸**,2024-12-06 04:47:58+00:00,-1001923600221,19209,https://t.me/Zero_to_hero_sr_stocks_nifty_505,270 to 310 ,0.0,neutral,[],[]
32,32,"**270 To 300++++ 1st Target Hit ğŸ¯ ğŸ†ğŸ“ˆ

Book Your 50% Profit ğŸ˜ğŸ˜ğŸ™â¤ï¸


BOOK PROFIT Trail stop loss in profitğŸ’â¤ï¸**",2024-12-06 04:47:45+00:00,-1001923600221,19208,https://t.me/Zero_to_hero_sr_stocks_nifty_505,270 to 300 1st target hit  book your 50 profit book profit trail stop loss in profit,0.6369,positive,[],['target']
33,33,**270â‚¹ To 300â‚¹ ğŸ†ğŸ“ˆâ¤ï¸**,2024-12-06 04:47:29+00:00,-1001923600221,19207,https://t.me/Zero_to_hero_sr_stocks_nifty_505,270 to 300 ,0.0,neutral,[],[]
34,34,**270â‚¹ To 290â‚¹ ğŸ†ğŸ“ˆâ¤ï¸**,2024-12-06 04:47:24+00:00,-1001923600221,19206,https://t.me/Zero_to_hero_sr_stocks_nifty_505,270 to 290 ,0.0,neutral,[],[]
35,35,**270â‚¹ To 280â‚¹ ğŸ†ğŸ“ˆâ¤ï¸**,2024-12-06 04:47:21+00:00,-1001923600221,19205,https://t.me/Zero_to_hero_sr_stocks_nifty_505,270 to 280 ,0.0,neutral,[],[]
36,36,**270â‚¹ To 270â‚¹ ğŸ†ğŸ“ˆâ¤ï¸**,2024-12-06 04:46:52+00:00,-1001923600221,19204,https://t.me/Zero_to_hero_sr_stocks_nifty_505,270 to 270 ,0.0,neutral,[],[]
37,37,"**BANKNIFTY 24 DECÂ  52000 PE**__

ğŸ› BUY ABOVE :- __270__

ğŸ“Š Current Price : __270__


**Target..300//310//320++**

â˜ ï¸ **Stoploss : PAID**__",2024-12-06 04:45:49+00:00,-1001923600221,19203,https://t.me/Zero_to_hero_sr_stocks_nifty_505,banknifty 24 dec 52000 pe buy above  270 current price  270target300310320 stoploss  paid,0.0,neutral,[],['buy']
38,38,"ğ—šğ—¢ğ—¢ğ—— ğ— ğ—¢ğ—¥ğ—¡ğ—œğ—¡ğ—š ğ—”ğ—Ÿğ—Ÿ ğ—§ğ—¥ğ—”ğ——ğ—˜ğ—¥ğ—¦ â¤ï¸

ğ—›ğ—”ğ—©ğ—˜ ğ—” ğ—šğ—¢ğ—¢ğ—— ğ——ğ—”ğ—¬ ğ—§ğ—¢ğ——ğ—”ğ—¬ ğŸ˜Šâ™¥ï¸",2024-12-06 03:29:51+00:00,-1001923600221,19201,https://t.me/Zero_to_hero_sr_stocks_nifty_505,         ,0.0,neutral,[],[]
39,39,"**TODAY FII&DII DATA:- 05-12-2024

FII BUY NET ğŸ‘‰ 8539.91 Cr.â˜˜

DII SELL NET ğŸ‘‰ 2303.64 Cr. ğŸ”»

NET BUYING :-Â  6236.27 Cr. ğŸŸ¢

FIIS à¤•à¥€ à¤¬à¤¾à¤‡à¤‚à¤— à¤•à¥‹ à¤¦à¥‡à¤–à¤•à¤° à¤²à¤— à¤°à¤¹à¤¾ à¤¹à¥ˆ à¤¬à¥‰à¤Ÿà¤® à¤¬à¤¨ à¤—à¤¯à¤¾ à¤¹à¥ˆà¥¤**",2024-12-05 13:57:49+00:00,-1001923600221,19199,https://t.me/Zero_to_hero_sr_stocks_nifty_505,today fiidii data 05122024fii buy net  853991 crdii sell net  230364 cr net buying  623627 cr fiis           ,0.0,neutral,[],"['buy', 'sell']"
40,40,"**BANK NIFTY ğŸ‘‰ 280 TO 430 âœ…âœ… NEW HIGH 

150 POINT DONE IN BANK NIFTY PAPER TRADE STUDY....ğŸ™**

â¤ï¸â¤ï¸â¤ï¸â¤ï¸â¤ï¸â¤ï¸â¤ï¸â¤ï¸â¤ï¸â¤ï¸â¤ï¸",2024-12-05 09:10:04+00:00,-1001923600221,19189,https://t.me/Zero_to_hero_sr_stocks_nifty_505,bank nifty  280 to 430  new high 150 point done in bank nifty paper trade study,0.6597,positive,[],[]
51,51,**280â‚¹ To 380â‚¹ ğŸ†ğŸ“ˆâ¤ï¸**,2024-12-05 08:04:49+00:00,-1001923600221,19163,https://t.me/Zero_to_hero_sr_stocks_nifty_505,280 to 380 ,0.0,neutral,[],[]
52,52,**280â‚¹ To 370â‚¹ ğŸ†ğŸ“ˆâ¤ï¸**,2024-12-05 08:04:44+00:00,-1001923600221,19162,https://t.me/Zero_to_hero_sr_stocks_nifty_505,280 to 370 ,0.0,neutral,[],[]
53,53,**280â‚¹ To 360â‚¹ ğŸ†ğŸ“ˆâ¤ï¸**,2024-12-05 08:04:40+00:00,-1001923600221,19161,https://t.me/Zero_to_hero_sr_stocks_nifty_505,280 to 360 ,0.0,neutral,[],[]
54,54,**280â‚¹ To 350â‚¹ ğŸ†ğŸ“ˆâ¤ï¸**,2024-12-05 08:04:36+00:00,-1001923600221,19160,https://t.me/Zero_to_hero_sr_stocks_nifty_505,280 to 350 ,0.0,neutral,[],[]
55,55,**280â‚¹ To 340â‚¹ ğŸ†ğŸ“ˆâ¤ï¸**,2024-12-05 08:04:31+00:00,-1001923600221,19159,https://t.me/Zero_to_hero_sr_stocks_nifty_505,280 to 340 ,0.0,neutral,[],[]
62,62,"**280 To 330++++ 3rd Target Hit ğŸ¯ ğŸ†ğŸ“ˆ

Book Your 100% Profit ğŸ˜ğŸ˜ğŸ™â¤ï¸


BOOK PROFIT Trail stop loss in profitğŸ’â¤ï¸**",2024-12-05 07:59:52+00:00,-1001923600221,19151,https://t.me/Zero_to_hero_sr_stocks_nifty_505,280 to 330 3rd target hit  book your 100 profit book profit trail stop loss in profit,0.6369,positive,[],['target']
63,63,**280â‚¹ To 330â‚¹ ğŸ†ğŸ“ˆâ¤ï¸**,2024-12-05 07:59:31+00:00,-1001923600221,19150,https://t.me/Zero_to_hero_sr_stocks_nifty_505,280 to 330 ,0.0,neutral,[],[]
64,64,"**à¤¦à¥‹à¤¸à¥à¤¤à¥‹ à¤–à¥à¤¦ à¤Ÿà¥à¤°à¥‡à¤¡à¤¿à¤‚à¤— à¤•à¤° à¤•à¤° à¤•à¥‡ Loss à¤®à¤¤ à¤•à¤°à¥‹....!!

à¤à¤• à¤¬à¤¾à¤° à¤¹à¤®à¤¾à¤°à¥‡ à¤ªà¤¾à¤¸ à¤‡à¤¨à¥à¤µà¥‡à¤¸à¥à¤Ÿ à¤•à¤°à¤•à¥‡ Result Dekho....ğŸ’ğŸ’°ğŸ’¯

Daily Earning Karoge....!!

à¤®à¥‡à¤°à¥€ Guarantee à¤¹à¥ˆà¤‚....ğŸ˜ğŸ’°ğŸ’¯

à¤°à¥‹à¤œà¤¾à¤¨à¤¾ à¤²à¥‹à¤¸ à¤•à¤°à¤¨à¥‡ à¤¸à¥‡ à¤…à¤šà¥à¤›à¤¾ à¤¹à¥ˆ à¤¡à¤¾à¤¯à¤°à¥‡à¤•à¥à¤Ÿ à¤¹à¤®à¤¾à¤°à¥‡ à¤ªà¤¾à¤¸ à¤‡à¤¨à¥à¤µà¥‡à¤¸à¥à¤Ÿ à¤•à¤°à¥‹ à¤”à¤° à¤°à¥‹à¤œà¤¾à¤¨à¤¾ à¤†à¤°à¤¾à¤® à¤¸à¥‡ à¤•à¤®à¤¾à¤“....!

**https://wa.me/+916378809418/?text=*HELLO-MONEY-INVEST-SIR*
https://wa.me/+916378809418/?text=*HELLO-MONEY-INVEST-SIR*",2024-12-05 05:09:51+00:00,-1001923600221,19140,https://t.me/Zero_to_hero_sr_stocks_nifty_505,      loss        result dekhodaily earning karoge guarantee                httpswame916378809418texthellomoneyinvestsirhttpswame916378809418texthellomoneyinvestsir,-0.0772,neutral,[],[]
71,71,"**280 To 320++++ 2nd Target Hit ğŸ¯ ğŸ†ğŸ“ˆ

Book Your 70% Profit ğŸ˜ğŸ˜ğŸ™â¤ï¸


BOOK PROFIT Trail stop loss in profitğŸ’â¤ï¸**",2024-12-05 04:31:26+00:00,-1001923600221,19123,https://t.me/Zero_to_hero_sr_stocks_nifty_505,280 to 320 2nd target hit  book your 70 profit book profit trail stop loss in profit,0.6369,positive,[],['target']
72,72,**280â‚¹ To 320â‚¹ ğŸ†ğŸ“ˆâ¤ï¸**,2024-12-05 04:31:07+00:00,-1001923600221,19122,https://t.me/Zero_to_hero_sr_stocks_nifty_505,280 to 320 ,0.0,neutral,[],[]
83,83,"**280 To 310++++ 1st Target Hit ğŸ¯ ğŸ†ğŸ“ˆ

Book Your 50% Profit ğŸ˜ğŸ˜ğŸ™â¤ï¸


BOOK PROFIT Trail stop loss in profitğŸ’â¤ï¸**",2024-12-05 03:53:51+00:00,-1001923600221,19110,https://t.me/Zero_to_hero_sr_stocks_nifty_505,280 to 310 1st target hit  book your 50 profit book profit trail stop loss in profit,0.6369,positive,[],['target']
84,84,**280â‚¹ To 310â‚¹ ğŸ†ğŸ“ˆâ¤ï¸**,2024-12-05 03:53:28+00:00,-1001923600221,19109,https://t.me/Zero_to_hero_sr_stocks_nifty_505,280 to 310 ,0.0,neutral,[],[]
85,85,**280â‚¹ To 300â‚¹ ğŸ†ğŸ“ˆâ¤ï¸**,2024-12-05 03:53:21+00:00,-1001923600221,19108,https://t.me/Zero_to_hero_sr_stocks_nifty_505,280 to 300 ,0.0,neutral,[],[]
86,86,**280â‚¹ To 290â‚¹ ğŸ†ğŸ“ˆâ¤ï¸**,2024-12-05 03:53:15+00:00,-1001923600221,19107,https://t.me/Zero_to_hero_sr_stocks_nifty_505,280 to 290 ,0.0,neutral,[],[]
87,87,**280â‚¹ To 280â‚¹ ğŸ†ğŸ“ˆâ¤ï¸**,2024-12-05 03:52:59+00:00,-1001923600221,19106,https://t.me/Zero_to_hero_sr_stocks_nifty_505,280 to 280 ,0.0,neutral,[],[]
88,88,"**BANKNIFTY 24 DECÂ  54600 CE**__

ğŸ› BUY ABOVE :- __280__

ğŸ“Š Current Price : __280__


**Target..310//320//330++**

â˜ ï¸ **Stoploss : PAID**__",2024-12-05 03:52:18+00:00,-1001923600221,19105,https://t.me/Zero_to_hero_sr_stocks_nifty_505,banknifty 24 dec 54600 ce buy above  280 current price  280target310320330 stoploss  paid,0.0,neutral,[],['buy']
89,89,"ğ—šğ—¢ğ—¢ğ—— ğ— ğ—¢ğ—¥ğ—¡ğ—œğ—¡ğ—š ğ—”ğ—Ÿğ—Ÿ ğ—§ğ—¥ğ—”ğ——ğ—˜ğ—¥ğ—¦ â¤ï¸

ğ—›ğ—”ğ—©ğ—˜ ğ—” ğ—šğ—¢ğ—¢ğ—— ğ——ğ—”ğ—¬ ğ—§ğ—¢ğ——ğ—”ğ—¬ ğŸ˜Šâ™¥ï¸",2024-12-05 03:30:16+00:00,-1001923600221,19103,https://t.me/Zero_to_hero_sr_stocks_nifty_505,         ,0.0,neutral,[],[]
90,90,"**TODAY FII&DII DATA:- 04-12-2024

FII BUY NET ğŸ‘‰ 1797.60 Cr.â˜˜

DII SELL NET ğŸ‘‰ 900.62 Cr. ğŸ”»

NET BUYING :-Â  896.98 Cr. ğŸŸ¢**",2024-12-04 14:52:30+00:00,-1001923600221,19101,https://t.me/Zero_to_hero_sr_stocks_nifty_505,today fiidii data 04122024fii buy net  179760 crdii sell net  90062 cr net buying  89698 cr ,0.0,neutral,[],"['buy', 'sell']"
107,107,"**BANK NIFTY ğŸ‘‰ 290 TO 490 âœ…âœ… NEW HIGH 

200 POINT DONE IN BANK NIFTY PAPER TRADE STUDY....ğŸ™**

â¤ï¸â¤ï¸â¤ï¸â¤ï¸â¤ï¸â¤ï¸â¤ï¸â¤ï¸â¤ï¸â¤ï¸â¤ï¸",2024-12-04 09:33:50+00:00,-1001923600221,19080,https://t.me/Zero_to_hero_sr_stocks_nifty_505,bank nifty  290 to 490  new high 200 point done in bank nifty paper trade study,0.6597,positive,[],[]
108,108,"**BANK NIFTY ğŸ‘‰ 290 TO 440 âœ…âœ… NEW HIGH 

150 POINT DONE IN BANK NIFTY PAPER TRADE STUDY....ğŸ™**

â¤ï¸â¤ï¸â¤ï¸â¤ï¸â¤ï¸â¤ï¸â¤ï¸â¤ï¸â¤ï¸â¤ï¸â¤ï¸",2024-12-04 09:33:38+00:00,-1001923600221,19079,https://t.me/Zero_to_hero_sr_stocks_nifty_505,bank nifty  290 to 440  new high 150 point done in bank nifty paper trade study,0.6597,positive,[],[]
115,115,**290â‚¹ To 390â‚¹ ğŸ†ğŸ“ˆâ¤ï¸**,2024-12-04 05:57:07+00:00,-1001923600221,19065,https://t.me/Zero_to_hero_sr_stocks_nifty_505,290 to 390 ,0.0,neutral,[],[]
116,116,**290â‚¹ To 380â‚¹ ğŸ†ğŸ“ˆâ¤ï¸**,2024-12-04 05:57:02+00:00,-1001923600221,19064,https://t.me/Zero_to_hero_sr_stocks_nifty_505,290 to 380 ,0.0,neutral,[],[]
117,117,**290â‚¹ To 370â‚¹ ğŸ†ğŸ“ˆâ¤ï¸**,2024-12-04 05:56:57+00:00,-1001923600221,19063,https://t.me/Zero_to_hero_sr_stocks_nifty_505,290 to 370 ,0.0,neutral,[],[]
118,118,**290â‚¹ To 360â‚¹ ğŸ†ğŸ“ˆâ¤ï¸**,2024-12-04 05:56:52+00:00,-1001923600221,19062,https://t.me/Zero_to_hero_sr_stocks_nifty_505,290 to 360 ,0.0,neutral,[],[]
119,119,**290â‚¹ To 350â‚¹ ğŸ†ğŸ“ˆâ¤ï¸**,2024-12-04 05:56:47+00:00,-1001923600221,19061,https://t.me/Zero_to_hero_sr_stocks_nifty_505,290 to 350 ,0.0,neutral,[],[]
126,126,"**à¤‡à¤¤à¤¨à¤¾ à¤­à¤¾ à¤•à¥à¤¯à¤¾ à¤¸à¥‹à¤š à¤°à¤¹à¥‡ à¤¹à¥‹ à¤œà¤¿à¤¤à¤¨à¤¾ à¤†à¤ªà¤•à¤¾ 1 à¤¦à¤¿à¤¨ à¤•à¤¾ à¤²à¥‰à¤¸ à¤¹à¥ˆ à¤‰à¤¸à¥‡ à¤¸à¤¸à¥à¤¤à¤¾ à¤®à¥‡à¤°à¤¾ INVEST à¤—à¥à¤°à¥à¤ª à¤•à¤¾ à¤«à¥€à¤¸Â  à¤¹à¥ˆ à¤¤à¥‹ à¤«à¤Ÿà¤¾à¤«à¤Ÿ à¤œà¥à¤µà¤¾à¤‡à¤¨ à¤•à¤° à¤²à¥‹ à¤†à¤ªà¤•à¥€ à¤œà¤°à¥à¤¨à¥€ à¤†à¤œ à¤¸à¥‡ à¤¹à¥€ à¤šà¤¾à¤²à¥‚ à¤¹à¥‹ à¤œà¤¾à¤à¤—à¥€ ğŸ¥³ğŸ¥³ğŸ¥³ğŸ¥³ğŸ¥³ğŸ’¯ğŸ’¯ğŸ’¯

à¤”à¤° à¤†à¤ª à¤†à¤œ à¤œà¥à¤µà¤¾à¤‡à¤¨ à¤•à¤°à¥‹à¤—à¥‡ à¤¤à¥‹ à¤†à¤ªà¤•à¥‹ à¤†à¤œ à¤•à¥‡ à¤†à¤œ à¤¹à¥€ à¤†à¤ªà¤•à¤¾ à¤«à¥€à¤¸ à¤•à¤¾ 3 à¤—à¥à¤¨à¤¾ à¤°à¤¿à¤•à¤µà¤° à¤•à¤°à¤•à¥‡ à¤¦à¥‡à¤‚à¤—à¥‡ à¤¹à¤‚à¤¡à¥à¤°à¥‡à¤¡ à¤ªà¤°à¤¸à¥‡à¤‚à¤Ÿ à¤—à¤¾à¤°à¤‚à¤Ÿà¥€ à¤¦à¥‡à¤¤à¤¾ à¤¹à¥‚à¤‚ ğŸ¥³ğŸ¥³

Join click on ğŸ”— INDEX

INVEST ğŸ‘‡ğŸ‘‡ğŸ‘‡

**https://wa.me/+916378809418/?text=*HELLO-MONEY-INVEST-SIR*
**
**https://wa.me/+916378809418/?text=*HELLO-MONEY-INVEST-SIR***

STOCK OPTIONS ğŸ‘‡ğŸ‘‡ğŸ‘‡

**https://wa.me/+916378809418/?text=*HELLO-MONEY-INVEST-SIR*",2024-12-04 05:54:04+00:00,-1001923600221,19054,https://t.me/Zero_to_hero_sr_stocks_nifty_505,        1        invest                                3          join click on  indexinvest httpswame916378809418texthellomoneyinvestsirhttpswame916378809418texthellomoneyinvestsirstock options httpswame916378809418texthellomoneyinvestsir,0.296,neutral,[],[]
127,127,"**290 To 340++++ 3rd Target Hit ğŸ¯ ğŸ†ğŸ“ˆ

Book Your 100% Profit ğŸ˜ğŸ˜ğŸ™â¤ï¸


BOOK PROFIT Trail stop loss in profitğŸ’â¤ï¸**",2024-12-04 04:25:32+00:00,-1001923600221,19043,https://t.me/Zero_to_hero_sr_stocks_nifty_505,290 to 340 3rd target hit  book your 100 profit book profit trail stop loss in profit,0.6369,positive,[],['target']
128,128,**290â‚¹ To 340â‚¹ ğŸ†ğŸ“ˆâ¤ï¸**,2024-12-04 04:25:12+00:00,-1001923600221,19042,https://t.me/Zero_to_hero_sr_stocks_nifty_505,290 to 340 ,0.0,neutral,[],[]
135,135,"**à¤¦à¥‹à¤¸à¥à¤¤à¥‹ à¤–à¥à¤¦ à¤Ÿà¥à¤°à¥‡à¤¡à¤¿à¤‚à¤— à¤•à¤° à¤•à¤° à¤•à¥‡ Loss à¤®à¤¤ à¤•à¤°à¥‹....!!

à¤à¤• à¤¬à¤¾à¤° à¤¹à¤®à¤¾à¤°à¥‡ à¤ªà¤¾à¤¸ à¤‡à¤¨à¥à¤µà¥‡à¤¸à¥à¤Ÿ à¤•à¤°à¤•à¥‡ Result Dekho....ğŸ’ğŸ’°ğŸ’¯

Daily Earning Karoge....!!

à¤®à¥‡à¤°à¥€ Guarantee à¤¹à¥ˆà¤‚....ğŸ˜ğŸ’°ğŸ’¯

à¤°à¥‹à¤œà¤¾à¤¨à¤¾ à¤²à¥‹à¤¸ à¤•à¤°à¤¨à¥‡ à¤¸à¥‡ à¤…à¤šà¥à¤›à¤¾ à¤¹à¥ˆ à¤¡à¤¾à¤¯à¤°à¥‡à¤•à¥à¤Ÿ à¤¹à¤®à¤¾à¤°à¥‡ à¤ªà¤¾à¤¸ à¤‡à¤¨à¥à¤µà¥‡à¤¸à¥à¤Ÿ à¤•à¤°à¥‹ à¤”à¤° à¤°à¥‹à¤œà¤¾à¤¨à¤¾ à¤†à¤°à¤¾à¤® à¤¸à¥‡ à¤•à¤®à¤¾à¤“....!

**https://wa.me/+916378809418/?text=*HELLO-MONEY-INVEST-SIR*
https://wa.me/+916378809418/?text=*HELLO-MONEY-INVEST-SIR*",2024-12-04 04:16:49+00:00,-1001923600221,19031,https://t.me/Zero_to_hero_sr_stocks_nifty_505,      loss        result dekhodaily earning karoge guarantee                httpswame916378809418texthellomoneyinvestsirhttpswame916378809418texthellomoneyinvestsir,-0.0772,neutral,[],[]
136,136,"**290 To 330++++ 2nd Target Hit ğŸ¯ ğŸ†ğŸ“ˆ

Book Your 70% Profit ğŸ˜ğŸ˜ğŸ™â¤ï¸


BOOK PROFIT Trail stop loss in profitğŸ’â¤ï¸**",2024-12-04 04:16:36+00:00,-1001923600221,19030,https://t.me/Zero_to_hero_sr_stocks_nifty_505,290 to 330 2nd target hit  book your 70 profit book profit trail stop loss in profit,0.6369,positive,[],['target']
137,137,**290â‚¹ To 330â‚¹ ğŸ†ğŸ“ˆâ¤ï¸**,2024-12-04 04:16:14+00:00,-1001923600221,19029,https://t.me/Zero_to_hero_sr_stocks_nifty_505,290 to 330 ,0.0,neutral,[],[]
148,148,"**290 To 320++++ 1st Target Hit ğŸ¯ ğŸ†ğŸ“ˆ

Book Your 50% Profit ğŸ˜ğŸ˜ğŸ™â¤ï¸


BOOK PROFIT Trail stop loss in profitğŸ’â¤ï¸**",2024-12-04 04:06:24+00:00,-1001923600221,19010,https://t.me/Zero_to_hero_sr_stocks_nifty_505,290 to 320 1st target hit  book your 50 profit book profit trail stop loss in profit,0.6369,positive,[],['target']
149,149,**290â‚¹ To 320â‚¹ ğŸ†ğŸ“ˆâ¤ï¸**,2024-12-04 04:06:07+00:00,-1001923600221,19009,https://t.me/Zero_to_hero_sr_stocks_nifty_505,290 to 320 ,0.0,neutral,[],[]
150,150,**290â‚¹ To 310â‚¹ ğŸ†ğŸ“ˆâ¤ï¸**,2024-12-04 04:06:02+00:00,-1001923600221,19008,https://t.me/Zero_to_hero_sr_stocks_nifty_505,290 to 310 ,0.0,neutral,[],[]
151,151,**290â‚¹ To 300â‚¹ ğŸ†ğŸ“ˆâ¤ï¸**,2024-12-04 04:05:56+00:00,-1001923600221,19007,https://t.me/Zero_to_hero_sr_stocks_nifty_505,290 to 300 ,0.0,neutral,[],[]
152,152,**290â‚¹ To 290â‚¹ ğŸ†ğŸ“ˆâ¤ï¸**,2024-12-04 04:05:39+00:00,-1001923600221,19006,https://t.me/Zero_to_hero_sr_stocks_nifty_505,290 to 290 ,0.0,neutral,[],[]
153,153,"**BANKNIFTY 24 DECÂ  54100 CE**__

ğŸ› BUY ABOVE :- __290__

ğŸ“Š Current Price : __290__


**Target..320//330//340++**

â˜ ï¸ **Stoploss : PAID**__",2024-12-04 04:04:53+00:00,-1001923600221,19005,https://t.me/Zero_to_hero_sr_stocks_nifty_505,banknifty 24 dec 54100 ce buy above  290 current price  290target320330340 stoploss  paid,0.0,neutral,[],['buy']
154,154,"ğ—šğ—¢ğ—¢ğ—— ğ— ğ—¢ğ—¥ğ—¡ğ—œğ—¡ğ—š ğ—”ğ—Ÿğ—Ÿ ğ—§ğ—¥ğ—”ğ——ğ—˜ğ—¥ğ—¦ â¤ï¸

ğ—›ğ—”ğ—©ğ—˜ ğ—” ğ—šğ—¢ğ—¢ğ—— ğ——ğ—”ğ—¬ ğ—§ğ—¢ğ——ğ—”ğ—¬ ğŸ˜Šâ™¥ï¸",2024-12-04 03:37:04+00:00,-1001923600221,19003,https://t.me/Zero_to_hero_sr_stocks_nifty_505,         ,0.0,neutral,[],[]
155,155,"**TODAY FII&DII DATA:- 03-12-2024

FII BUY NET ğŸ‘‰ 3664.67 Cr.â˜˜

DII SELL NET ğŸ‘‰ 250.99 Cr. ğŸ”»

NET BUYING :-Â  3413.68 Cr. ğŸŸ¢**",2024-12-03 15:39:08+00:00,-1001923600221,19001,https://t.me/Zero_to_hero_sr_stocks_nifty_505,today fiidii data 03122024fii buy net  366467 crdii sell net  25099 cr net buying  341368 cr ,0.0,neutral,[],"['buy', 'sell']"
166,166,"**300 To 350++++ 3rd Target Hit ğŸ¯ ğŸ†ğŸ“ˆ

Book Your 100% Profit ğŸ˜ğŸ˜ğŸ™â¤ï¸


BOOK PROFIT Trail stop loss in profitğŸ’â¤ï¸**",2024-12-03 07:00:42+00:00,-1001923600221,18983,https://t.me/Zero_to_hero_sr_stocks_nifty_505,300 to 350 3rd target hit  book your 100 profit book profit trail stop loss in profit,0.6369,positive,[],['target']
173,173,**300â‚¹ To 350â‚¹ ğŸ†ğŸ“ˆâ¤ï¸**,2024-12-03 06:58:07+00:00,-1001923600221,18976,https://t.me/Zero_to_hero_sr_stocks_nifty_505,300 to 350 ,0.0,neutral,[],[]
174,174,"**300 To 340++++ 2nd Target Hit ğŸ¯ ğŸ†ğŸ“ˆ

Book Your 70% Profit ğŸ˜ğŸ˜ğŸ™â¤ï¸


BOOK PROFIT Trail stop loss in profitğŸ’â¤ï¸**",2024-12-03 06:57:53+00:00,-1001923600221,18975,https://t.me/Zero_to_hero_sr_stocks_nifty_505,300 to 340 2nd target hit  book your 70 profit book profit trail stop loss in profit,0.6369,positive,[],['target']
175,175,**300â‚¹ To 340â‚¹ ğŸ†ğŸ“ˆâ¤ï¸**,2024-12-03 06:57:28+00:00,-1001923600221,18974,https://t.me/Zero_to_hero_sr_stocks_nifty_505,300 to 340 ,0.0,neutral,[],[]
176,176,"**à¤¦à¥‹à¤¸à¥à¤¤à¥‹ à¤–à¥à¤¦ à¤Ÿà¥à¤°à¥‡à¤¡à¤¿à¤‚à¤— à¤•à¤° à¤•à¤° à¤•à¥‡ Loss à¤®à¤¤ à¤•à¤°à¥‹....!!

à¤à¤• à¤¬à¤¾à¤° à¤¹à¤®à¤¾à¤°à¥‡ à¤ªà¤¾à¤¸ à¤‡à¤¨à¥à¤µà¥‡à¤¸à¥à¤Ÿ à¤•à¤°à¤•à¥‡ Result Dekho....ğŸ’ğŸ’°ğŸ’¯

Daily Earning Karoge....!!

à¤®à¥‡à¤°à¥€ Guarantee à¤¹à¥ˆà¤‚....ğŸ˜ğŸ’°ğŸ’¯

à¤°à¥‹à¤œà¤¾à¤¨à¤¾ à¤²à¥‹à¤¸ à¤•à¤°à¤¨à¥‡ à¤¸à¥‡ à¤…à¤šà¥à¤›à¤¾ à¤¹à¥ˆ à¤¡à¤¾à¤¯à¤°à¥‡à¤•à¥à¤Ÿ à¤¹à¤®à¤¾à¤°à¥‡ à¤ªà¤¾à¤¸ à¤‡à¤¨à¥à¤µà¥‡à¤¸à¥à¤Ÿ à¤•à¤°à¥‹ à¤”à¤° à¤°à¥‹à¤œà¤¾à¤¨à¤¾ à¤†à¤°à¤¾à¤® à¤¸à¥‡ à¤•à¤®à¤¾à¤“....!

**https://wa.me/+916378809418/?text=*HELLO-MONEY-INVEST-SIR*
https://wa.me/+916378809418/?text=*HELLO-MONEY-INVEST-SIR*",2024-12-03 04:28:52+00:00,-1001923600221,18964,https://t.me/Zero_to_hero_sr_stocks_nifty_505,      loss        result dekhodaily earning karoge guarantee                httpswame916378809418texthellomoneyinvestsirhttpswame916378809418texthellomoneyinvestsir,-0.0772,neutral,[],[]
187,187,"**300 To 330++++ 1st Target Hit ğŸ¯ ğŸ†ğŸ“ˆ

Book Your 50% Profit ğŸ˜ğŸ˜ğŸ™â¤ï¸


BOOK PROFIT Trail stop loss in profitğŸ’â¤ï¸**",2024-12-03 04:14:27+00:00,-1001923600221,18939,https://t.me/Zero_to_hero_sr_stocks_nifty_505,300 to 330 1st target hit  book your 50 profit book profit trail stop loss in profit,0.6369,positive,[],['target']
188,188,**300â‚¹ To 330â‚¹ ğŸ†ğŸ“ˆâ¤ï¸**,2024-12-03 04:14:10+00:00,-1001923600221,18938,https://t.me/Zero_to_hero_sr_stocks_nifty_505,300 to 330 ,0.0,neutral,[],[]
189,189,**300â‚¹ To 320â‚¹ ğŸ†ğŸ“ˆâ¤ï¸**,2024-12-03 04:12:44+00:00,-1001923600221,18936,https://t.me/Zero_to_hero_sr_stocks_nifty_505,300 to 320 ,0.0,neutral,[],[]
190,190,**300â‚¹ To 310â‚¹ ğŸ†ğŸ“ˆâ¤ï¸**,2024-12-03 04:12:38+00:00,-1001923600221,18935,https://t.me/Zero_to_hero_sr_stocks_nifty_505,300 to 310 ,0.0,neutral,[],[]
191,191,**300â‚¹ To 300â‚¹ ğŸ†ğŸ“ˆâ¤ï¸**,2024-12-03 04:12:24+00:00,-1001923600221,18934,https://t.me/Zero_to_hero_sr_stocks_nifty_505,300 to 300 ,0.0,neutral,[],[]
192,192,"**BANKNIFTY 24 DECÂ  53800 CE**__

ğŸ› BUY ABOVE :- __300__

ğŸ“Š Current Price : __300__


**Target..330//340//350++**

â˜ ï¸ **Stoploss : PAID**__",2024-12-03 04:00:34+00:00,-1001923600221,18933,https://t.me/Zero_to_hero_sr_stocks_nifty_505,banknifty 24 dec 53800 ce buy above  300 current price  300target330340350 stoploss  paid,0.0,neutral,[],['buy']
193,193,"ğ—šğ—¢ğ—¢ğ—— ğ— ğ—¢ğ—¥ğ—¡ğ—œğ—¡ğ—š ğ—”ğ—Ÿğ—Ÿ ğ—§ğ—¥ğ—”ğ——ğ—˜ğ—¥ğ—¦ â¤ï¸

ğ—›ğ—”ğ—©ğ—˜ ğ—” ğ—šğ—¢ğ—¢ğ—— ğ——ğ—”ğ—¬ ğ—§ğ—¢ğ——ğ—”ğ—¬ ğŸ˜Šâ™¥ï¸",2024-12-03 02:48:19+00:00,-1001923600221,18925,https://t.me/Zero_to_hero_sr_stocks_nifty_505,         ,0.0,neutral,[],[]
194,194,"**TODAY FII&DII DATA:- 02-12-2024

FII SELL NET ğŸ‘‰ 238.28 Cr.ğŸ”»

DII BUY NET ğŸ‘‰ 3588.66 Cr. â˜˜

NET BUYING :-Â  3350.38 Cr. ğŸŸ¢**",2024-12-02 14:32:02+00:00,-1001923600221,18922,https://t.me/Zero_to_hero_sr_stocks_nifty_505,today fiidii data 02122024fii sell net  23828 crdii buy net  358866 cr net buying  335038 cr ,0.0,neutral,[],"['sell', 'buy']"
195,195,"**200 To 230++++ 1st Target Hit ğŸ¯ ğŸ†ğŸ“ˆ

Book Your 50% Profit ğŸ˜ğŸ˜ğŸ™â¤ï¸


BOOK PROFIT Trail stop loss in profitğŸ’â¤ï¸**",2024-12-02 04:10:38+00:00,-1001923600221,18871,https://t.me/Zero_to_hero_sr_stocks_nifty_505,200 to 230 1st target hit  book your 50 profit book profit trail stop loss in profit,0.6369,positive,[],['target']
196,196,**200â‚¹ To 230â‚¹ ğŸ†ğŸ“ˆâ¤ï¸**,2024-12-02 04:10:10+00:00,-1001923600221,18870,https://t.me/Zero_to_hero_sr_stocks_nifty_505,200 to 230 ,0.0,neutral,[],[]
197,197,**200â‚¹ To 220â‚¹ ğŸ†ğŸ“ˆâ¤ï¸**,2024-12-02 04:10:06+00:00,-1001923600221,18869,https://t.me/Zero_to_hero_sr_stocks_nifty_505,200 to 220 ,0.0,neutral,[],[]
198,198,**200â‚¹ To 210â‚¹ ğŸ†ğŸ“ˆâ¤ï¸**,2024-12-02 04:10:02+00:00,-1001923600221,18868,https://t.me/Zero_to_hero_sr_stocks_nifty_505,200 to 210 ,0.0,neutral,[],[]
199,199,**200â‚¹ To 200â‚¹ ğŸ†ğŸ“ˆâ¤ï¸**,2024-12-02 04:09:55+00:00,-1001923600221,18867,https://t.me/Zero_to_hero_sr_stocks_nifty_505,200 to 200 ,0.0,neutral,[],[]
200,200,"**BANKNIFTY 24 DECÂ  53800 CE**__

ğŸ› BUY ABOVE :- __200__

ğŸ“Š Current Price : __200__


**Target..230//240//250++**

â˜ ï¸ **Stoploss : PAID**__",2024-12-02 04:08:58+00:00,-1001923600221,18866,https://t.me/Zero_to_hero_sr_stocks_nifty_505,banknifty 24 dec 53800 ce buy above  200 current price  200target230240250 stoploss  paid,0.0,neutral,[],['buy']
201,201,"ğ—šğ—¢ğ—¢ğ—— ğ— ğ—¢ğ—¥ğ—¡ğ—œğ—¡ğ—š ğ—”ğ—Ÿğ—Ÿ ğ—§ğ—¥ğ—”ğ——ğ—˜ğ—¥ğ—¦ â¤ï¸

ğ—›ğ—”ğ—©ğ—˜ ğ—” ğ—šğ—¢ğ—¢ğ—— ğ——ğ—”ğ—¬ ğ—§ğ—¢ğ——ğ—”ğ—¬ ğŸ˜Šâ™¥ï¸",2024-12-02 02:26:51+00:00,-1001923600221,18864,https://t.me/Zero_to_hero_sr_stocks_nifty_505,         ,0.0,neutral,[],[]
202,202,"**TODAY FII&DII DATA:- 29-11-2024

FII SELL NET ğŸ‘‰ 4383.55 Cr.ğŸ”»

DII BUY NET ğŸ‘‰ 5723.34 Cr. â˜˜

NET BUYING :-Â  1374.79 Cr. ğŸŸ¢**",2024-11-29 17:03:18+00:00,-1001923600221,18862,https://t.me/Zero_to_hero_sr_stocks_nifty_505,today fiidii data 29112024fii sell net  438355 crdii buy net  572334 cr net buying  137479 cr ,0.0,neutral,[],"['sell', 'buy']"
204,204,**4.75 lacs ++++ profit booked ğŸ˜ğŸ˜ğŸ˜ğŸ˜**,2024-11-29 13:25:48+00:00,-1001923600221,18859,https://t.me/Zero_to_hero_sr_stocks_nifty_505,475 lacs  profit booked ,0.4404,neutral,[],[]
243,243,"**âœ”ï¸Payment SuccessfullyğŸ™

Investment Of 30,000/-

Return with profit 1,50,000/-

Whatsapp Massage ğŸ“±
**https://wa.me/+916378809418/?text=*HELLO-MONEY-INVEST-SIR*
https://wa.me/+916378809418/?text=*HELLO-MONEY-INVEST-SIR*",2024-11-29 05:02:09+00:00,-1001923600221,18814,https://t.me/Zero_to_hero_sr_stocks_nifty_505,payment successfullyinvestment of 30000return with profit 150000whatsapp massage httpswame916378809418texthellomoneyinvestsirhttpswame916378809418texthellomoneyinvestsir,0.4404,neutral,[],[]
244,244,"**400 To 450++++ 3rd Target Hit ğŸ¯ ğŸ†ğŸ“ˆ

Book Your 100% Profit ğŸ˜ğŸ˜ğŸ™â¤ï¸


BOOK PROFIT Trail stop loss in profitğŸ’â¤ï¸**",2024-11-29 04:50:07+00:00,-1001923600221,18808,https://t.me/Zero_to_hero_sr_stocks_nifty_505,400 to 450 3rd target hit  book your 100 profit book profit trail stop loss in profit,0.6369,positive,[],['target']
245,245,**400â‚¹ To 450â‚¹ ğŸ†ğŸ“ˆâ¤ï¸**,2024-11-29 04:49:47+00:00,-1001923600221,18807,https://t.me/Zero_to_hero_sr_stocks_nifty_505,400 to 450 ,0.0,neutral,[],[]
256,256,"**400 To 440++++ 2nd Target Hit ğŸ¯ ğŸ†ğŸ“ˆ

Book Your 70% Profit ğŸ˜ğŸ˜ğŸ™â¤ï¸


BOOK PROFIT Trail stop loss in profitğŸ’â¤ï¸**",2024-11-29 04:44:16+00:00,-1001923600221,18795,https://t.me/Zero_to_hero_sr_stocks_nifty_505,400 to 440 2nd target hit  book your 70 profit book profit trail stop loss in profit,0.6369,positive,[],['target']
257,257,**400â‚¹ To 440â‚¹ ğŸ†ğŸ“ˆâ¤ï¸**,2024-11-29 04:43:52+00:00,-1001923600221,18794,https://t.me/Zero_to_hero_sr_stocks_nifty_505,400 to 440 ,0.0,neutral,[],[]
258,258,"**400 To 430++++ 1st Target Hit ğŸ¯ ğŸ†ğŸ“ˆ

Book Your 50% Profit ğŸ˜ğŸ˜ğŸ™â¤ï¸


BOOK PROFIT Trail stop loss in profitğŸ’â¤ï¸**",2024-11-29 04:43:40+00:00,-1001923600221,18793,https://t.me/Zero_to_hero_sr_stocks_nifty_505,400 to 430 1st target hit  book your 50 profit book profit trail stop loss in profit,0.6369,positive,[],['target']
259,259,**400â‚¹ To 430â‚¹ ğŸ†ğŸ“ˆâ¤ï¸**,2024-11-29 04:43:22+00:00,-1001923600221,18792,https://t.me/Zero_to_hero_sr_stocks_nifty_505,400 to 430 ,0.0,neutral,[],[]
260,260,**400â‚¹ To 420â‚¹ ğŸ†ğŸ“ˆâ¤ï¸**,2024-11-29 04:43:22+00:00,-1001923600221,18791,https://t.me/Zero_to_hero_sr_stocks_nifty_505,400 to 420 ,0.0,neutral,[],[]
261,261,**400â‚¹ To 410â‚¹ ğŸ†ğŸ“ˆâ¤ï¸**,2024-11-29 04:43:22+00:00,-1001923600221,18790,https://t.me/Zero_to_hero_sr_stocks_nifty_505,400 to 410 ,0.0,neutral,[],[]
262,262,**400â‚¹ To 400â‚¹ ğŸ†ğŸ“ˆâ¤ï¸**,2024-11-29 04:43:22+00:00,-1001923600221,18789,https://t.me/Zero_to_hero_sr_stocks_nifty_505,400 to 400 ,0.0,neutral,[],[]
263,263,"**BANKNIFTY 24 DECÂ  51000 PE**__

ğŸ› BUY ABOVE :- __400__

ğŸ“Š Current Price : __400__


**Target..430//440//450++**

â˜ ï¸ **Stoploss : PAID**__",2024-11-29 04:41:41+00:00,-1001923600221,18788,https://t.me/Zero_to_hero_sr_stocks_nifty_505,banknifty 24 dec 51000 pe buy above  400 current price  400target430440450 stoploss  paid,0.0,neutral,[],['buy']
264,264,"ğ—šğ—¢ğ—¢ğ—— ğ— ğ—¢ğ—¥ğ—¡ğ—œğ—¡ğ—š ğ—”ğ—Ÿğ—Ÿ ğ—§ğ—¥ğ—”ğ——ğ—˜ğ—¥ğ—¦ â¤ï¸

ğ—›ğ—”ğ—©ğ—˜ ğ—” ğ—šğ—¢ğ—¢ğ—— ğ——ğ—”ğ—¬ ğ—§ğ—¢ğ——ğ—”ğ—¬ ğŸ˜Šâ™¥ï¸",2024-11-29 02:18:22+00:00,-1001923600221,18780,https://t.me/Zero_to_hero_sr_stocks_nifty_505,         ,0.0,neutral,[],[]
265,265,"**TODAY FII&DII DATA:- 28-11-2024

FII SELL NET ğŸ‘‰ 11756.25 Cr.ğŸ”»

DII BUY NET ğŸ‘‰ 8718.30 Cr. â˜˜

NET SELLING :-Â  3037.95 Cr. ğŸ”´**",2024-11-28 14:11:40+00:00,-1001923600221,18778,https://t.me/Zero_to_hero_sr_stocks_nifty_505,today fiidii data 28112024fii sell net  1175625 crdii buy net  871830 cr net selling  303795 cr ,0.0,neutral,[],"['sell', 'buy']"
283,283,"**à¤¦à¥‹à¤¸à¥à¤¤à¥‹ à¤–à¥à¤¦ à¤Ÿà¥à¤°à¥‡à¤¡à¤¿à¤‚à¤— à¤•à¤° à¤•à¤° à¤•à¥‡ Loss à¤®à¤¤ à¤•à¤°à¥‹....!!

à¤à¤• à¤¬à¤¾à¤° à¤¹à¤®à¤¾à¤°à¥‡ à¤ªà¤¾à¤¸ à¤‡à¤¨à¥à¤µà¥‡à¤¸à¥à¤Ÿ à¤•à¤°à¤•à¥‡ Result Dekho....ğŸ’ğŸ’°ğŸ’¯

Daily Earning Karoge....!!

à¤®à¥‡à¤°à¥€ Guarantee à¤¹à¥ˆà¤‚....ğŸ˜ğŸ’°ğŸ’¯

à¤°à¥‹à¤œà¤¾à¤¨à¤¾ à¤²à¥‹à¤¸ à¤•à¤°à¤¨à¥‡ à¤¸à¥‡ à¤…à¤šà¥à¤›à¤¾ à¤¹à¥ˆ à¤¡à¤¾à¤¯à¤°à¥‡à¤•à¥à¤Ÿ à¤¹à¤®à¤¾à¤°à¥‡ à¤ªà¤¾à¤¸ à¤‡à¤¨à¥à¤µà¥‡à¤¸à¥à¤Ÿ à¤•à¤°à¥‹ à¤”à¤° à¤°à¥‹à¤œà¤¾à¤¨à¤¾ à¤†à¤°à¤¾à¤® à¤¸à¥‡ à¤•à¤®à¤¾à¤“....!

**https://wa.me/+916378809418/?text=*HELLO-MONEY-INVEST-SIR*
https://wa.me/+916378809418/?text=*HELLO-MONEY-INVEST-SIR*",2024-11-28 05:45:22+00:00,-1001923600221,18747,https://t.me/Zero_to_hero_sr_stocks_nifty_505,      loss        result dekhodaily earning karoge guarantee                httpswame916378809418texthellomoneyinvestsirhttpswame916378809418texthellomoneyinvestsir,-0.0772,neutral,[],[]
284,284,**290â‚¹ To 390â‚¹ ğŸ†ğŸ“ˆâ¤ï¸**,2024-11-28 04:45:38+00:00,-1001923600221,18732,https://t.me/Zero_to_hero_sr_stocks_nifty_505,290 to 390 ,0.0,neutral,[],[]
285,285,**290â‚¹ To 380â‚¹ ğŸ†ğŸ“ˆâ¤ï¸**,2024-11-28 04:45:32+00:00,-1001923600221,18731,https://t.me/Zero_to_hero_sr_stocks_nifty_505,290 to 380 ,0.0,neutral,[],[]
286,286,**290â‚¹ To 370â‚¹ ğŸ†ğŸ“ˆâ¤ï¸**,2024-11-28 04:45:27+00:00,-1001923600221,18730,https://t.me/Zero_to_hero_sr_stocks_nifty_505,290 to 370 ,0.0,neutral,[],[]
287,287,**290â‚¹ To 360â‚¹ ğŸ†ğŸ“ˆâ¤ï¸**,2024-11-28 04:45:21+00:00,-1001923600221,18729,https://t.me/Zero_to_hero_sr_stocks_nifty_505,290 to 360 ,0.0,neutral,[],[]
288,288,**290â‚¹ To 350â‚¹ ğŸ†ğŸ“ˆâ¤ï¸**,2024-11-28 04:45:15+00:00,-1001923600221,18728,https://t.me/Zero_to_hero_sr_stocks_nifty_505,290 to 350 ,0.0,neutral,[],[]
295,295,"**290 To 340++++ 3rd Target Hit ğŸ¯ ğŸ†ğŸ“ˆ

Book Your 100% Profit ğŸ˜ğŸ˜ğŸ™â¤ï¸


BOOK PROFIT Trail stop loss in profitğŸ’â¤ï¸**",2024-11-28 04:22:50+00:00,-1001923600221,18717,https://t.me/Zero_to_hero_sr_stocks_nifty_505,290 to 340 3rd target hit  book your 100 profit book profit trail stop loss in profit,0.6369,positive,[],['target']
296,296,**290â‚¹ To 340â‚¹ ğŸ†ğŸ“ˆâ¤ï¸**,2024-11-28 04:22:25+00:00,-1001923600221,18716,https://t.me/Zero_to_hero_sr_stocks_nifty_505,290 to 340 ,0.0,neutral,[],[]
307,307,"**à¤¸à¥à¤¬à¤¹ à¤•à¥€ à¤¶à¥à¤°à¥à¤µà¤¾à¤¤ à¤¹à¥à¤ˆ à¤§à¤®à¤¾à¤•à¥‡à¤¦à¤¾à¤° à¤Ÿà¥à¤°à¥‡à¤¡ à¤•à¥‡ à¤¸à¤¾à¤¥ ğŸ˜ğŸ˜ğŸ˜

à¤à¤•à¥à¤¯à¥‚à¤°à¥‡à¤¸à¥€ à¤¹à¥€ à¤¹à¤®à¤¾à¤°à¥€ à¤ªà¤¹à¤šà¤¾à¤¨ à¤¹à¥ˆ, à¤•à¤® à¤•à¥‰à¤² à¤ªà¤° à¤¸à¤Ÿà¥€à¤• à¤•à¥‰à¤²

à¤à¤¸à¥‡ à¤¹à¥€ à¤¸à¤Ÿà¥€à¤• à¤à¤‚à¤Ÿà¥à¤°à¥€ à¤”à¤° à¤à¤—à¥à¤œà¤¿à¤Ÿ à¤ªà¤¾à¤¨à¥‡ à¤•à¥‡ à¤²à¤¿à¤ à¤…à¤­à¥€ à¤œà¥à¤µà¥‰à¤‡à¤¨ à¤•à¤°à¥‡ à¤¹à¤®à¤¾à¤°à¤¾ INVEST PLAN**

https://wa.me/+916378809418/?text=*HELLO-MONEY-INVEST-SIR*
https://wa.me/+916378809418/?text=*HELLO-MONEY-INVEST-SIR*",2024-11-28 04:14:50+00:00,-1001923600221,18703,https://t.me/Zero_to_hero_sr_stocks_nifty_505,                              invest planhttpswame916378809418texthellomoneyinvestsirhttpswame916378809418texthellomoneyinvestsir,0.0,neutral,[],[]
308,308,"**290 To 330++++ 2nd Target Hit ğŸ¯ ğŸ†ğŸ“ˆ

Book Your 70% Profit ğŸ˜ğŸ˜ğŸ™â¤ï¸


BOOK PROFIT Trail stop loss in profitğŸ’â¤ï¸**",2024-11-28 04:12:18+00:00,-1001923600221,18701,https://t.me/Zero_to_hero_sr_stocks_nifty_505,290 to 330 2nd target hit  book your 70 profit book profit trail stop loss in profit,0.6369,positive,[],['target']
309,309,**290â‚¹ To 330â‚¹ ğŸ†ğŸ“ˆâ¤ï¸**,2024-11-28 04:11:55+00:00,-1001923600221,18700,https://t.me/Zero_to_hero_sr_stocks_nifty_505,290 to 330 ,0.0,neutral,[],[]
310,310,"**290 To 320++++ 1st Target Hit ğŸ¯ ğŸ†ğŸ“ˆ

Book Your 50% Profit ğŸ˜ğŸ˜ğŸ™â¤ï¸


BOOK PROFIT Trail stop loss in profitğŸ’â¤ï¸**",2024-11-28 04:11:43+00:00,-1001923600221,18699,https://t.me/Zero_to_hero_sr_stocks_nifty_505,290 to 320 1st target hit  book your 50 profit book profit trail stop loss in profit,0.6369,positive,[],['target']
311,311,**290â‚¹ To 320â‚¹ ğŸ†ğŸ“ˆâ¤ï¸**,2024-11-28 04:11:17+00:00,-1001923600221,18698,https://t.me/Zero_to_hero_sr_stocks_nifty_505,290 to 320 ,0.0,neutral,[],[]
312,312,**290â‚¹ To 310â‚¹ ğŸ†ğŸ“ˆâ¤ï¸**,2024-11-28 04:11:12+00:00,-1001923600221,18697,https://t.me/Zero_to_hero_sr_stocks_nifty_505,290 to 310 ,0.0,neutral,[],[]
313,313,**290â‚¹ To 300â‚¹ ğŸ†ğŸ“ˆâ¤ï¸**,2024-11-28 04:11:07+00:00,-1001923600221,18696,https://t.me/Zero_to_hero_sr_stocks_nifty_505,290 to 300 ,0.0,neutral,[],[]
314,314,**290â‚¹ To 290â‚¹ ğŸ†ğŸ“ˆâ¤ï¸**,2024-11-28 04:10:56+00:00,-1001923600221,18695,https://t.me/Zero_to_hero_sr_stocks_nifty_505,290 to 290 ,0.0,neutral,[],[]
315,315,"**BANKNIFTY 24 DECÂ  54000 CE**__

ğŸ› BUY ABOVE :- __290__

ğŸ“Š Current Price : __290__


**Target..320//330//340++**

â˜ ï¸ **Stoploss : PAID**__",2024-11-28 04:10:12+00:00,-1001923600221,18694,https://t.me/Zero_to_hero_sr_stocks_nifty_505,banknifty 24 dec 54000 ce buy above  290 current price  290target320330340 stoploss  paid,0.0,neutral,[],['buy']
316,316,"ğ—šğ—¢ğ—¢ğ—— ğ— ğ—¢ğ—¥ğ—¡ğ—œğ—¡ğ—š ğ—”ğ—Ÿğ—Ÿ ğ—§ğ—¥ğ—”ğ——ğ—˜ğ—¥ğ—¦ â¤ï¸

ğ—›ğ—”ğ—©ğ—˜ ğ—” ğ—šğ—¢ğ—¢ğ—— ğ——ğ—”ğ—¬ ğ—§ğ—¢ğ——ğ—”ğ—¬ ğŸ˜Šâ™¥ï¸",2024-11-28 02:59:11+00:00,-1001923600221,18690,https://t.me/Zero_to_hero_sr_stocks_nifty_505,         ,0.0,neutral,[],[]
317,317,"**TODAY FII&DII DATA:- 27-11-2024

FII BUY NET ğŸ‘‰ 7.78 Cr. â˜˜ (à¤›à¤¿)

DII BUY NET ğŸ‘‰ 1301.97 Cr. â˜˜

NET BUYING :-Â  1309.75 Cr. ğŸŸ¢ 

DII TO FII ğŸ‘‰ à¤•à¥à¤¯à¤¾ FII à¤¬à¤¨à¥‡à¤—à¤¾ à¤°à¥‡ à¤¤à¥‚à¥¤ ğŸ˜‚ğŸ˜‚**",2024-11-27 13:32:39+00:00,-1001923600221,18682,https://t.me/Zero_to_hero_sr_stocks_nifty_505,today fiidii data 27112024fii buy net  778 cr  dii buy net  130197 cr net buying  130975 cr  dii to fii   fii    ,0.0,neutral,[],"['buy', 'buy']"
338,338,"**BANK NIFTY ğŸ‘‰ 310 TO 560 âœ…âœ… NEW HIGH 

250 POINT DONE IN BANK NIFTY PAPER TRADE STUDY....ğŸ™**

â¤ï¸â¤ï¸â¤ï¸â¤ï¸â¤ï¸â¤ï¸â¤ï¸â¤ï¸â¤ï¸â¤ï¸â¤ï¸",2024-11-27 07:30:10+00:00,-1001923600221,18643,https://t.me/Zero_to_hero_sr_stocks_nifty_505,bank nifty  310 to 560  new high 250 point done in bank nifty paper trade study,0.6597,positive,[],[]
339,339,"**BANK NIFTY ğŸ‘‰ 310 TO 510 âœ…âœ… NEW HIGH 

200 POINT DONE IN BANK NIFTY PAPER TRADE STUDY....ğŸ™**

â¤ï¸â¤ï¸â¤ï¸â¤ï¸â¤ï¸â¤ï¸â¤ï¸â¤ï¸â¤ï¸â¤ï¸â¤ï¸",2024-11-27 06:48:14+00:00,-1001923600221,18637,https://t.me/Zero_to_hero_sr_stocks_nifty_505,bank nifty  310 to 510  new high 200 point done in bank nifty paper trade study,0.6597,positive,[],[]
346,346,**310â‚¹ To 460â‚¹ ğŸ†ğŸ“ˆâ¤ï¸**,2024-11-27 06:47:11+00:00,-1001923600221,18629,https://t.me/Zero_to_hero_sr_stocks_nifty_505,310 to 460 ,0.0,neutral,[],[]
347,347,**310â‚¹ To 450â‚¹ ğŸ†ğŸ“ˆâ¤ï¸**,2024-11-27 05:07:55+00:00,-1001923600221,18619,https://t.me/Zero_to_hero_sr_stocks_nifty_505,310 to 450 ,0.0,neutral,[],[]
348,348,**310â‚¹ To 440â‚¹ ğŸ†ğŸ“ˆâ¤ï¸**,2024-11-27 05:07:49+00:00,-1001923600221,18618,https://t.me/Zero_to_hero_sr_stocks_nifty_505,310 to 440 ,0.0,neutral,[],[]
349,349,**310â‚¹ To 430â‚¹ ğŸ†ğŸ“ˆâ¤ï¸**,2024-11-27 05:07:43+00:00,-1001923600221,18617,https://t.me/Zero_to_hero_sr_stocks_nifty_505,310 to 430 ,0.0,neutral,[],[]
350,350,**310â‚¹ To 420â‚¹ ğŸ†ğŸ“ˆâ¤ï¸**,2024-11-27 05:07:36+00:00,-1001923600221,18616,https://t.me/Zero_to_hero_sr_stocks_nifty_505,310 to 420 ,0.0,neutral,[],[]
357,357,**310â‚¹ To 410â‚¹ ğŸ†ğŸ“ˆâ¤ï¸**,2024-11-27 04:07:04+00:00,-1001923600221,18595,https://t.me/Zero_to_hero_sr_stocks_nifty_505,310 to 410 ,0.0,neutral,[],[]
358,358,**310â‚¹ To 400â‚¹ ğŸ†ğŸ“ˆâ¤ï¸**,2024-11-27 04:06:59+00:00,-1001923600221,18594,https://t.me/Zero_to_hero_sr_stocks_nifty_505,310 to 400 ,0.0,neutral,[],[]
359,359,**310â‚¹ To 390â‚¹ ğŸ†ğŸ“ˆâ¤ï¸**,2024-11-27 04:06:51+00:00,-1001923600221,18593,https://t.me/Zero_to_hero_sr_stocks_nifty_505,310 to 390 ,0.0,neutral,[],[]
360,360,**310â‚¹ To 380â‚¹ ğŸ†ğŸ“ˆâ¤ï¸**,2024-11-27 04:06:45+00:00,-1001923600221,18592,https://t.me/Zero_to_hero_sr_stocks_nifty_505,310 to 380 ,0.0,neutral,[],[]
361,361,**310â‚¹ To 370â‚¹ ğŸ†ğŸ“ˆâ¤ï¸**,2024-11-27 04:06:41+00:00,-1001923600221,18591,https://t.me/Zero_to_hero_sr_stocks_nifty_505,310 to 370 ,0.0,neutral,[],[]
368,368,"**310 To 360++++ 3rd Target Hit ğŸ¯ ğŸ†ğŸ“ˆ

Book Your 100% Profit ğŸ˜ğŸ˜ğŸ™â¤ï¸


BOOK PROFIT Trail stop loss in profitğŸ’â¤ï¸**",2024-11-27 03:57:30+00:00,-1001923600221,18579,https://t.me/Zero_to_hero_sr_stocks_nifty_505,310 to 360 3rd target hit  book your 100 profit book profit trail stop loss in profit,0.6369,positive,[],['target']
369,369,**310â‚¹ To 360â‚¹ ğŸ†ğŸ“ˆâ¤ï¸**,2024-11-27 03:57:06+00:00,-1001923600221,18578,https://t.me/Zero_to_hero_sr_stocks_nifty_505,310 to 360 ,0.0,neutral,[],[]
380,380,"**310 To 350++++ 2nd Target Hit ğŸ¯ ğŸ†ğŸ“ˆ

Book Your 70% Profit ğŸ˜ğŸ˜ğŸ™â¤ï¸


BOOK PROFIT Trail stop loss in profitğŸ’â¤ï¸**",2024-11-27 03:50:26+00:00,-1001923600221,18565,https://t.me/Zero_to_hero_sr_stocks_nifty_505,310 to 350 2nd target hit  book your 70 profit book profit trail stop loss in profit,0.6369,positive,[],['target']
381,381,**310â‚¹ To 350â‚¹ ğŸ†ğŸ“ˆâ¤ï¸**,2024-11-27 03:50:09+00:00,-1001923600221,18564,https://t.me/Zero_to_hero_sr_stocks_nifty_505,310 to 350 ,0.0,neutral,[],[]
382,382,"**310 To 340++++ 1st Target Hit ğŸ¯ ğŸ†ğŸ“ˆ

Book Your 50% Profit ğŸ˜ğŸ˜ğŸ™â¤ï¸


BOOK PROFIT Trail stop loss in profitğŸ’â¤ï¸**",2024-11-27 03:50:01+00:00,-1001923600221,18563,https://t.me/Zero_to_hero_sr_stocks_nifty_505,310 to 340 1st target hit  book your 50 profit book profit trail stop loss in profit,0.6369,positive,[],['target']
383,383,**310â‚¹ To 340â‚¹ ğŸ†ğŸ“ˆâ¤ï¸**,2024-11-27 03:49:38+00:00,-1001923600221,18562,https://t.me/Zero_to_hero_sr_stocks_nifty_505,310 to 340 ,0.0,neutral,[],[]
384,384,**310â‚¹ To 330â‚¹ ğŸ†ğŸ“ˆâ¤ï¸**,2024-11-27 03:49:30+00:00,-1001923600221,18561,https://t.me/Zero_to_hero_sr_stocks_nifty_505,310 to 330 ,0.0,neutral,[],[]
385,385,**310â‚¹ To 320â‚¹ ğŸ†ğŸ“ˆâ¤ï¸**,2024-11-27 03:49:20+00:00,-1001923600221,18560,https://t.me/Zero_to_hero_sr_stocks_nifty_505,310 to 320 ,0.0,neutral,[],[]
386,386,**310â‚¹ To 310â‚¹ ğŸ†ğŸ“ˆâ¤ï¸**,2024-11-27 03:48:52+00:00,-1001923600221,18559,https://t.me/Zero_to_hero_sr_stocks_nifty_505,310 to 310 ,0.0,neutral,[],[]
387,387,"**BANKNIFTY 27 NOVÂ  51900 CE**__

ğŸ› BUY ABOVE :- __310__

ğŸ“Š Current Price : __310__


**Target..340//350//360++**

â˜ ï¸ **Stoploss : PAID**__",2024-11-27 03:48:01+00:00,-1001923600221,18558,https://t.me/Zero_to_hero_sr_stocks_nifty_505,banknifty 27 nov 51900 ce buy above  310 current price  310target340350360 stoploss  paid,0.0,neutral,[],['buy']
388,388,"ğ—šğ—¢ğ—¢ğ—— ğ— ğ—¢ğ—¥ğ—¡ğ—œğ—¡ğ—š ğ—”ğ—Ÿğ—Ÿ ğ—§ğ—¥ğ—”ğ——ğ—˜ğ—¥ğ—¦ â¤ï¸

ğ—›ğ—”ğ—©ğ—˜ ğ—” ğ—šğ—¢ğ—¢ğ—— ğ——ğ—”ğ—¬ ğ—§ğ—¢ğ——ğ—”ğ—¬ ğŸ˜Šâ™¥ï¸",2024-11-27 03:07:49+00:00,-1001923600221,18553,https://t.me/Zero_to_hero_sr_stocks_nifty_505,         ,0.0,neutral,[],[]
389,389,"**TODAY FII&DII DATA:- 26-11-2024

FII BUY NET ğŸ‘‰ 1157.70 Cr. â˜˜

DII SELL NET ğŸ‘‰ 1910.86 Cr. ğŸ”»

NET SELLING :-Â  753.16 Cr. ğŸ”´**",2024-11-26 14:53:45+00:00,-1001923600221,18551,https://t.me/Zero_to_hero_sr_stocks_nifty_505,today fiidii data 26112024fii buy net  115770 cr dii sell net  191086 cr net selling  75316 cr ,0.0,neutral,[],"['buy', 'sell']"
391,391,**71 Lacs+++ Profit booked ğŸ˜ğŸ˜ğŸ˜ğŸ˜ğŸ˜ğŸ˜**,2024-11-26 14:39:20+00:00,-1001923600221,18548,https://t.me/Zero_to_hero_sr_stocks_nifty_505,71 lacs profit booked ,0.4404,neutral,[],[]
402,402,"**300 To 350++++ 3rd Target Hit ğŸ¯ ğŸ†ğŸ“ˆ

Book Your 100% Profit ğŸ˜ğŸ˜ğŸ™â¤ï¸


BOOK PROFIT Trail stop loss in profitğŸ’â¤ï¸**",2024-11-26 04:08:52+00:00,-1001923600221,18476,https://t.me/Zero_to_hero_sr_stocks_nifty_505,300 to 350 3rd target hit  book your 100 profit book profit trail stop loss in profit,0.6369,positive,[],['target']
403,403,**300â‚¹ To 350â‚¹ ğŸ†ğŸ“ˆâ¤ï¸**,2024-11-26 04:08:35+00:00,-1001923600221,18475,https://t.me/Zero_to_hero_sr_stocks_nifty_505,300 to 350 ,0.0,neutral,[],[]
414,414,"**300 To 340++++ 2nd Target Hit ğŸ¯ ğŸ†ğŸ“ˆ

Book Your 70% Profit ğŸ˜ğŸ˜ğŸ™â¤ï¸


BOOK PROFIT Trail stop loss in profitğŸ’â¤ï¸**",2024-11-26 04:04:47+00:00,-1001923600221,18462,https://t.me/Zero_to_hero_sr_stocks_nifty_505,300 to 340 2nd target hit  book your 70 profit book profit trail stop loss in profit,0.6369,positive,[],['target']
415,415,**300â‚¹ To 340â‚¹ ğŸ†ğŸ“ˆâ¤ï¸**,2024-11-26 04:04:25+00:00,-1001923600221,18461,https://t.me/Zero_to_hero_sr_stocks_nifty_505,300 to 340 ,0.0,neutral,[],[]
416,416,"**300 To 330++++ 1st Target Hit ğŸ¯ ğŸ†ğŸ“ˆ

Book Your 50% Profit ğŸ˜ğŸ˜ğŸ™â¤ï¸


BOOK PROFIT Trail stop loss in profitğŸ’â¤ï¸**",2024-11-26 04:03:51+00:00,-1001923600221,18460,https://t.me/Zero_to_hero_sr_stocks_nifty_505,300 to 330 1st target hit  book your 50 profit book profit trail stop loss in profit,0.6369,positive,[],['target']
417,417,**300â‚¹ To 330â‚¹ ğŸ†ğŸ“ˆâ¤ï¸**,2024-11-26 04:03:23+00:00,-1001923600221,18459,https://t.me/Zero_to_hero_sr_stocks_nifty_505,300 to 330 ,0.0,neutral,[],[]
418,418,**300â‚¹ To 320â‚¹ ğŸ†ğŸ“ˆâ¤ï¸**,2024-11-26 04:03:19+00:00,-1001923600221,18458,https://t.me/Zero_to_hero_sr_stocks_nifty_505,300 to 320 ,0.0,neutral,[],[]
419,419,**300â‚¹ To 310â‚¹ ğŸ†ğŸ“ˆâ¤ï¸**,2024-11-26 04:03:15+00:00,-1001923600221,18457,https://t.me/Zero_to_hero_sr_stocks_nifty_505,300 to 310 ,0.0,neutral,[],[]
420,420,**300â‚¹ To 300â‚¹ ğŸ†ğŸ“ˆâ¤ï¸**,2024-11-26 04:03:09+00:00,-1001923600221,18456,https://t.me/Zero_to_hero_sr_stocks_nifty_505,300 to 300 ,0.0,neutral,[],[]
421,421,"**BANKNIFTY 27 NOVÂ  52200 CE**__

ğŸ› BUY ABOVE :- __300__

ğŸ“Š Current Price : __300__


**Target..330//340//350++**

â˜ ï¸ **Stoploss : PAID**__",2024-11-26 04:02:18+00:00,-1001923600221,18455,https://t.me/Zero_to_hero_sr_stocks_nifty_505,banknifty 27 nov 52200 ce buy above  300 current price  300target330340350 stoploss  paid,0.0,neutral,[],['buy']
422,422,"ğ—šğ—¢ğ—¢ğ—— ğ— ğ—¢ğ—¥ğ—¡ğ—œğ—¡ğ—š ğ—”ğ—Ÿğ—Ÿ ğ—§ğ—¥ğ—”ğ——ğ—˜ğ—¥ğ—¦ â¤ï¸

ğ—›ğ—”ğ—©ğ—˜ ğ—” ğ—šğ—¢ğ—¢ğ—— ğ——ğ—”ğ—¬ ğ—§ğ—¢ğ——ğ—”ğ—¬ ğŸ˜Šâ™¥ï¸",2024-11-26 02:25:06+00:00,-1001923600221,18453,https://t.me/Zero_to_hero_sr_stocks_nifty_505,         ,0.0,neutral,[],[]
423,423,"**TODAY FII&DII DATA:- 25-11-2024

FII BUY NET ğŸ‘‰ 9947.55 Cr. â˜˜

DII SELL NET ğŸ‘‰ 6907.97 Cr. ğŸ”»

NET BUYING :-Â  3039.58 Cr. ğŸŸ¢

FII TO DII ğŸ‘‰ à¤ªà¤¾à¤°à¥à¤Ÿà¥€ à¤¬à¤¦à¤² à¤²à¤¿à¤¯à¤¾ à¤¸à¤¾à¤²à¤¾à¥¤ ğŸ˜‚ğŸ˜‚**",2024-11-25 13:22:06+00:00,-1001923600221,18451,https://t.me/Zero_to_hero_sr_stocks_nifty_505,today fiidii data 25112024fii buy net  994755 cr dii sell net  690797 cr net buying  303958 cr fii to dii      ,0.0,neutral,[],"['buy', 'sell']"
446,446,"**280 To 330++++ 3rd Target Hit ğŸ¯ ğŸ†ğŸ“ˆ

Book Your 100% Profit ğŸ˜ğŸ˜ğŸ™â¤ï¸


BOOK PROFIT Trail stop loss in profitğŸ’â¤ï¸**",2024-11-25 03:58:42+00:00,-1001923600221,18422,https://t.me/Zero_to_hero_sr_stocks_nifty_505,280 to 330 3rd target hit  book your 100 profit book profit trail stop loss in profit,0.6369,positive,[],['target']
447,447,**280â‚¹ To 330â‚¹ ğŸ†ğŸ“ˆâ¤ï¸**,2024-11-25 03:58:21+00:00,-1001923600221,18421,https://t.me/Zero_to_hero_sr_stocks_nifty_505,280 to 330 ,0.0,neutral,[],[]
458,458,"**280 To 320++++ 2nd Target Hit ğŸ¯ ğŸ†ğŸ“ˆ

Book Your 70% Profit ğŸ˜ğŸ˜ğŸ™â¤ï¸


BOOK PROFIT Trail stop loss in profitğŸ’â¤ï¸**",2024-11-25 03:52:20+00:00,-1001923600221,18408,https://t.me/Zero_to_hero_sr_stocks_nifty_505,280 to 320 2nd target hit  book your 70 profit book profit trail stop loss in profit,0.6369,positive,[],['target']
459,459,**280â‚¹ To 320â‚¹ ğŸ†ğŸ“ˆâ¤ï¸**,2024-11-25 03:52:00+00:00,-1001923600221,18407,https://t.me/Zero_to_hero_sr_stocks_nifty_505,280 to 320 ,0.0,neutral,[],[]
460,460,"**280 To 310++++ 1st Target Hit ğŸ¯ ğŸ†ğŸ“ˆ

Book Your 50% Profit ğŸ˜ğŸ˜ğŸ™â¤ï¸


BOOK PROFIT Trail stop loss in profitğŸ’â¤ï¸**",2024-11-25 03:51:48+00:00,-1001923600221,18406,https://t.me/Zero_to_hero_sr_stocks_nifty_505,280 to 310 1st target hit  book your 50 profit book profit trail stop loss in profit,0.6369,positive,[],['target']
461,461,**280â‚¹ To 310â‚¹ ğŸ†ğŸ“ˆâ¤ï¸**,2024-11-25 03:51:30+00:00,-1001923600221,18405,https://t.me/Zero_to_hero_sr_stocks_nifty_505,280 to 310 ,0.0,neutral,[],[]
462,462,**280â‚¹ To 300â‚¹ ğŸ†ğŸ“ˆâ¤ï¸**,2024-11-25 03:51:25+00:00,-1001923600221,18404,https://t.me/Zero_to_hero_sr_stocks_nifty_505,280 to 300 ,0.0,neutral,[],[]
463,463,**280â‚¹ To 290â‚¹ ğŸ†ğŸ“ˆâ¤ï¸**,2024-11-25 03:51:20+00:00,-1001923600221,18403,https://t.me/Zero_to_hero_sr_stocks_nifty_505,280 to 290 ,0.0,neutral,[],[]
464,464,**280â‚¹ To 280â‚¹ ğŸ†ğŸ“ˆâ¤ï¸**,2024-11-25 03:51:12+00:00,-1001923600221,18402,https://t.me/Zero_to_hero_sr_stocks_nifty_505,280 to 280 ,0.0,neutral,[],[]
465,465,"**BANKNIFTY 27 NOVÂ  52300 CE**__

ğŸ› BUY ABOVE :- __280__

ğŸ“Š Current Price : __280__


**Target..310//320//330++**

â˜ ï¸ **Stoploss : PAID**__",2024-11-25 03:50:16+00:00,-1001923600221,18401,https://t.me/Zero_to_hero_sr_stocks_nifty_505,banknifty 27 nov 52300 ce buy above  280 current price  280target310320330 stoploss  paid,0.0,neutral,[],['buy']
466,466,"ğ—šğ—¢ğ—¢ğ—— ğ— ğ—¢ğ—¥ğ—¡ğ—œğ—¡ğ—š ğ—”ğ—Ÿğ—Ÿ ğ—§ğ—¥ğ—”ğ——ğ—˜ğ—¥ğ—¦ â¤ï¸

ğ—›ğ—”ğ—©ğ—˜ ğ—” ğ—šğ—¢ğ—¢ğ—— ğ——ğ—”ğ—¬ ğ—§ğ—¢ğ——ğ—”ğ—¬ ğŸ˜Šâ™¥ï¸",2024-11-25 03:36:59+00:00,-1001923600221,18399,https://t.me/Zero_to_hero_sr_stocks_nifty_505,         ,0.0,neutral,[],[]
485,485,"**TODAY FII&DII DATA:- 22-11-2024

FII SELL NET ğŸ‘‰ 1278.37 Cr.ğŸ”»

DII BUY NET ğŸ‘‰ 1722.15 Cr. â˜˜

NET BUYING :-Â  443.78 Cr. ğŸŸ¢

FII ğŸ‘‰ à¤¹à¤® à¤¨à¤¹à¥€ à¤¸à¥à¤§à¤°à¥‡à¤‚à¤—à¥‡à¥¤ à¤•à¥à¤¯à¥‹à¤‚à¤•à¤¿ à¤¹à¤®à¤¾à¤°à¥‡ à¤¯à¤¹à¤¾à¤‚ à¤à¤¸à¤¾ à¤¹à¥€ à¤¹à¥‹à¤¤à¤¾ à¤¹à¥ˆà¥¤ ğŸ˜‚**",2024-11-22 15:24:43+00:00,-1001923600221,18366,https://t.me/Zero_to_hero_sr_stocks_nifty_505,today fiidii data 22112024fii sell net  127837 crdii buy net  172215 cr net buying  44378 cr fii            ,0.0,neutral,[],"['sell', 'buy']"
496,496,"**BANK NIFTY ğŸ‘‰ 400 TO 750 âœ…âœ… NEW HIGH 

350 POINT DONE IN BANK NIFTY PAPER TRADE STUDY....ğŸ™**

â¤ï¸â¤ï¸â¤ï¸â¤ï¸â¤ï¸â¤ï¸â¤ï¸â¤ï¸â¤ï¸â¤ï¸â¤ï¸",2024-11-22 08:33:29+00:00,-1001923600221,18351,https://t.me/Zero_to_hero_sr_stocks_nifty_505,bank nifty  400 to 750  new high 350 point done in bank nifty paper trade study,0.6597,positive,[],[]
497,497,"**BANK NIFTY ğŸ‘‰ 400 TO 700 âœ…âœ… NEW HIGH 

300 POINT DONE IN BANK NIFTY PAPER TRADE STUDY....ğŸ™**

â¤ï¸â¤ï¸â¤ï¸â¤ï¸â¤ï¸â¤ï¸â¤ï¸â¤ï¸â¤ï¸â¤ï¸â¤ï¸",2024-11-22 08:32:56+00:00,-1001923600221,18350,https://t.me/Zero_to_hero_sr_stocks_nifty_505,bank nifty  400 to 700  new high 300 point done in bank nifty paper trade study,0.6597,positive,[],[]
498,498,"**BANK NIFTY ğŸ‘‰ 400 TO 650 âœ…âœ… NEW HIGH 

250 POINT DONE IN BANK NIFTY PAPER TRADE STUDY....ğŸ™**

â¤ï¸â¤ï¸â¤ï¸â¤ï¸â¤ï¸â¤ï¸â¤ï¸â¤ï¸â¤ï¸â¤ï¸â¤ï¸",2024-11-22 08:32:42+00:00,-1001923600221,18349,https://t.me/Zero_to_hero_sr_stocks_nifty_505,bank nifty  400 to 650  new high 250 point done in bank nifty paper trade study,0.6597,positive,[],[]
